TR41-022078,100,3,N1,A025,กฟส.บ้านโฮ่ง,ลำพูน,กฟภ.,28,4110958,Low,4839.28,1093,22/1/2024,ผ่าน,ผ่าน,ไม่ผ่าน,39.38,18.37525381,98.77121287,DCC_xx บ้านหล่ายแก้ว (ตรงข้ามซอย 12),เทศบาลตำบล,,ใช่,1151XF000002844,ใช่,1000001315,INST,460179143,1050010006,"TR., 100 KVA. 3 P 22-0.40 KV.DY 11",22,THAI TRAFO,หมดประกัน,,,BGA04,เมษายน,33.09,61.94,40.17,50.14,19.34,67.65,49.27,58.33,46.68000031,33.99000168,40.24000168,46.68000031,24.12061245,17.47291176,219.09,219.16,698.81,421,17043,93,,,93
TR41-022080,100,3,N1,A025,กฟส.บ้านโฮ่ง,ลำพูน,กฟภ.,28,4110960,Low,4839.28,1093,22/1/2024,ผ่าน,ผ่าน,ไม่ผ่าน,39.38,18.37525381,98.77121287,DCC_xx บ้านหล่ายแก้ว (ตรงข้ามซอย 12),เทศบาลตำบล,,ใช่,1151XF000002844,ใช่,1000001315,INST,460179145,1050010006,"TR., 100 KVA. 3 P 22-0.40 KV.DY 11",22,THAI TRAFO,หมดประกัน,,,BGA04,มีนาคม,33.09,61.94,40.17,50.14,19.34,67.65,49.27,58.33,46.68000031,33.99000168,40.24000168,46.68000031,24.12061245,17.47291176,219.09,219.16,698.81,421,17043,93,,,93
TR41-022081,100,3,N1,A025,กฟส.บ้านโฮ่ง,ลำพูน,กฟภ.,28,4110961,Low,4839.28,1093,22/1/2024,ผ่าน,ผ่าน,ไม่ผ่าน,39.38,18.37525381,98.77121287,DCC_xx บ้านหล่ายแก้ว (ตรงข้ามซอย 12),เทศบาลตำบล,,ใช่,1151XF000002844,ใช่,1000001315,INST,460179146,1050010006,"TR., 100 KVA. 3 P 22-0.40 KV.DY 11",22,THAI TRAFO,หมดประกัน,,,BGA04,กุมภาพันธ์,33.09,61.94,40.17,50.14,19.34,67.65,49.27,58.33,46.68000031,33.99000168,40.24000168,46.68000031,24.12061245,17.47291176,219.09,219.16,698.81,421,17043,93,,,93
TR41-022082,100,3,N1,A025,กฟส.บ้านโฮ่ง,ลำพูน,กฟภ.,28,4110962,Low,4839.28,1093,22/1/2024,ผ่าน,ผ่าน,ไม่ผ่าน,39.38,18.37525381,98.77121287,DCC_xx บ้านหล่ายแก้ว (ตรงข้ามซอย 12),เทศบาลตำบล,,ใช่,1151XF000002844,ใช่,1000001315,INST,460179147,1050010006,"TR., 100 KVA. 3 P 22-0.40 KV.DY 11",22,THAI TRAFO,หมดประกัน,,,BGA04,มกราคม,33.09,61.94,40.17,50.14,19.34,67.65,49.27,58.33,46.68000031,33.99000168,40.24000168,46.68000031,24.12061245,17.47291176,219.09,219.16,698.81,421,17043,93,,,93
TR41-022084,100,3,N1,A025,กฟส.บ้านโฮ่ง,ลำพูน,กฟภ.,28,4110964,Low,4839.28,1093,22/1/2024,ผ่าน,ผ่าน,ไม่ผ่าน,39.38,18.37525381,98.77121287,DCC_xx บ้านหล่ายแก้ว (ตรงข้ามซอย 12),เทศบาลตำบล,,ใช่,1151XF000002844,ใช่,1000001315,INST,460179149,1050010006,"TR., 100 KVA. 3 P 22-0.40 KV.DY 11",22,THAI TRAFO,หมดประกัน,,,BGA04,พฤศจิกายน,33.09,61.94,40.17,50.14,19.34,67.65,49.27,58.33,46.68000031,33.99000168,40.24000168,46.68000031,24.12061245,17.47291176,219.09,219.16,698.81,421,17043,93,,,93
TR41-022085,100,3,N1,A025,กฟส.บ้านโฮ่ง,ลำพูน,กฟภ.,28,4110965,Low,4839.28,1093,22/1/2024,ผ่าน,ผ่าน,ไม่ผ่าน,39.38,18.37525381,98.77121287,DCC_xx บ้านหล่ายแก้ว (ตรงข้ามซอย 12),เทศบาลตำบล,,ใช่,1151XF000002844,ใช่,1000001315,INST,460179150,1050010006,"TR., 100 KVA. 3 P 22-0.40 KV.DY 11",22,THAI TRAFO,หมดประกัน,,,BGA04,ตุลาคม,33.09,61.94,40.17,50.14,19.34,67.65,49.27,58.33,46.68000031,33.99000168,40.24000168,46.68000031,24.12061245,17.47291176,219.09,219.16,698.81,421,17043,93,,,93
TR41-022086,100,3,N1,A025,กฟส.บ้านโฮ่ง,ลำพูน,กฟภ.,28,4110966,Low,4839.28,1093,22/1/2024,ผ่าน,ผ่าน,ไม่ผ่าน,39.38,18.37525381,98.77121287,DCC_xx บ้านหล่ายแก้ว (ตรงข้ามซอย 12),เทศบาลตำบล,,ใช่,1151XF000002844,ใช่,1000001315,INST,460179151,1050010006,"TR., 100 KVA. 3 P 22-0.40 KV.DY 11",22,THAI TRAFO,หมดประกัน,,,BGA04,กันยายน,33.09,61.94,40.17,50.14,19.34,67.65,49.27,58.33,46.68000031,33.99000168,40.24000168,46.68000031,24.12061245,17.47291176,219.09,219.16,698.81,421,17043,93,,,93
TR41-022087,100,3,N1,A025,กฟส.บ้านโฮ่ง,ลำพูน,กฟภ.,28,4110967,Low,4839.28,1093,22/1/2024,ผ่าน,ผ่าน,ไม่ผ่าน,39.38,18.37525381,98.77121287,DCC_xx บ้านหล่ายแก้ว (ตรงข้ามซอย 12),เทศบาลตำบล,,ใช่,1151XF000002844,ใช่,1000001315,INST,460179152,1050010006,"TR., 100 KVA. 3 P 22-0.40 KV.DY 11",22,THAI TRAFO,หมดประกัน,,,BGA04,สิงหาคม,33.09,61.94,40.17,50.14,19.34,67.65,49.27,58.33,46.68000031,33.99000168,40.24000168,46.68000031,24.12061245,17.47291176,219.09,219.16,698.81,421,17043,93,,,93
TR41-022088,100,3,N1,A025,กฟส.บ้านโฮ่ง,ลำพูน,กฟภ.,28,4110968,Low,4839.28,1093,22/1/2024,ผ่าน,ผ่าน,ไม่ผ่าน,39.38,18.37525381,98.77121287,DCC_xx บ้านหล่ายแก้ว (ตรงข้ามซอย 12),เทศบาลตำบล,,ใช่,1151XF000002844,ใช่,1000001315,INST,460179153,1050010006,"TR., 100 KVA. 3 P 22-0.40 KV.DY 11",22,THAI TRAFO,หมดประกัน,,,BGA04,กรกฎาคม,33.09,61.94,40.17,50.14,19.34,67.65,49.27,58.33,46.68000031,33.99000168,40.24000168,46.68000031,24.12061245,17.47291176,219.09,219.16,698.81,421,17043,93,,,93
TR41-022089,100,3,N1,A025,กฟส.บ้านโฮ่ง,ลำพูน,กฟภ.,28,4110969,Low,4839.28,1093,22/1/2024,ผ่าน,ผ่าน,ไม่ผ่าน,39.38,18.37525381,98.77121287,DCC_xx บ้านหล่ายแก้ว (ตรงข้ามซอย 12),เทศบาลตำบล,,ใช่,1151XF000002844,ใช่,1000001315,INST,460179154,1050010006,"TR., 100 KVA. 3 P 22-0.40 KV.DY 11",22,THAI TRAFO,หมดประกัน,,,BGA04,มิถุนายน,33.09,61.94,40.17,50.14,19.34,67.65,49.27,58.33,46.68000031,33.99000168,40.24000168,46.68000031,24.12061245,17.47291176,219.09,219.16,698.81,421,17043,93,,,93
TR41-022090,100,3,N1,A025,กฟส.บ้านโฮ่ง,ลำพูน,กฟภ.,28,4110970,Low,4839.28,1093,22/1/2024,ผ่าน,ผ่าน,ไม่ผ่าน,39.38,18.37525381,98.77121287,DCC_xx บ้านหล่ายแก้ว (ตรงข้ามซอย 12),เทศบาลตำบล,,ใช่,1151XF000002844,ใช่,1000001315,INST,460179155,1050010006,"TR., 100 KVA. 3 P 22-0.40 KV.DY 11",22,THAI TRAFO,หมดประกัน,,,BGA04,พฤษภาคม,33.09,61.94,40.17,50.14,19.34,67.65,49.27,58.33,46.68000031,33.99000168,40.24000168,46.68000031,24.12061245,17.47291176,219.09,219.16,698.81,421,17043,93,,,93
TR41-022091,100,3,N1,A025,กฟส.บ้านโฮ่ง,ลำพูน,กฟภ.,28,4110971,Low,4839.28,1093,22/1/2024,ผ่าน,ผ่าน,ไม่ผ่าน,39.38,18.37525381,98.77121287,DCC_xx บ้านหล่ายแก้ว (ตรงข้ามซอย 12),เทศบาลตำบล,,ใช่,1151XF000002844,ใช่,1000001315,INST,460179156,1050010006,"TR., 100 KVA. 3 P 22-0.40 KV.DY 11",22,THAI TRAFO,หมดประกัน,,,BGA04,เมษายน,33.09,61.94,40.17,50.14,19.34,67.65,49.27,58.33,46.68000031,33.99000168,40.24000168,46.68000031,24.12061245,17.47291176,219.09,219.16,698.81,421,17043,93,,,93
TR41-022092,100,3,N1,A025,กฟส.บ้านโฮ่ง,ลำพูน,กฟภ.,28,4110972,Low,4839.28,1093,22/1/2024,ผ่าน,ผ่าน,ไม่ผ่าน,39.38,18.37525381,98.77121287,DCC_xx บ้านหล่ายแก้ว (ตรงข้ามซอย 12),เทศบาลตำบล,,ใช่,1151XF000002844,ใช่,1000001315,INST,460179157,1050010006,"TR., 100 KVA. 3 P 22-0.40 KV.DY 11",22,THAI TRAFO,หมดประกัน,,,BGA04,มีนาคม,33.09,61.94,40.17,50.14,19.34,67.65,49.27,58.33,46.68000031,33.99000168,40.24000168,46.68000031,24.12061245,17.47291176,219.09,219.16,698.81,421,17043,93,,,93
TR41-022093,100,3,N1,A025,กฟส.บ้านโฮ่ง,ลำพูน,กฟภ.,28,4110973,Low,4839.28,1093,22/1/2024,ผ่าน,ผ่าน,ไม่ผ่าน,39.38,18.37525381,98.77121287,DCC_xx บ้านหล่ายแก้ว (ตรงข้ามซอย 12),เทศบาลตำบล,,ใช่,1151XF000002844,ใช่,1000001315,INST,460179158,1050010006,"TR., 100 KVA. 3 P 22-0.40 KV.DY 11",22,THAI TRAFO,หมดประกัน,,,BGA04,กุมภาพันธ์,33.09,61.94,40.17,50.14,19.34,67.65,49.27,58.33,46.68000031,33.99000168,40.24000168,46.68000031,24.12061245,17.47291176,219.09,219.16,698.81,421,17043,93,,,93
TR41-022094,100,3,N1,A025,กฟส.บ้านโฮ่ง,ลำพูน,กฟภ.,28,4110974,Low,4839.28,1093,22/1/2024,ผ่าน,ผ่าน,ไม่ผ่าน,39.38,18.37525381,98.77121287,DCC_xx บ้านหล่ายแก้ว (ตรงข้ามซอย 12),เทศบาลตำบล,,ใช่,1151XF000002844,ใช่,1000001315,INST,460179159,1050010006,"TR., 100 KVA. 3 P 22-0.40 KV.DY 11",22,THAI TRAFO,หมดประกัน,,,BGA04,มกราคม,33.09,61.94,40.17,50.14,19.34,67.65,49.27,58.33,46.68000031,33.99000168,40.24000168,46.68000031,24.12061245,17.47291176,219.09,219.16,698.81,421,17043,93,,,93
TR41-022137,100,3,N1,A025,กฟส.บ้านโฮ่ง,ลำพูน,กฟภ.,28,4111017,Low,4839.28,1093,22/1/2024,ผ่าน,ผ่าน,ไม่ผ่าน,39.38,18.37525381,98.77121287,DCC_xx บ้านหล่ายแก้ว (ตรงข้ามซอย 12),เทศบาลตำบล,,ใช่,1151XF000002844,ใช่,1000001315,INST,460179161,1050010006,"TR., 100 KVA. 3 P 22-0.40 KV.DY 11",22,THAI TRAFO,หมดประกัน,,,BGA04,ธันวาคม,33.09,61.94,40.17,50.14,19.34,67.65,49.27,58.33,46.68000031,33.99000168,40.24000168,46.68000031,24.12061245,17.47291176,219.09,219.16,698.81,421,17043,93,,,93
TR41-022138,100,3,N1,A025,กฟส.บ้านโฮ่ง,ลำพูน,กฟภ.,28,4111018,Low,4839.28,1093,22/1/2024,ผ่าน,ผ่าน,ไม่ผ่าน,39.38,18.37525381,98.77121287,DCC_xx บ้านหล่ายแก้ว (ตรงข้ามซอย 12),เทศบาลตำบล,,ใช่,1151XF000002844,ใช่,1000001315,INST,460179162,1050010006,"TR., 100 KVA. 3 P 22-0.40 KV.DY 11",22,THAI TRAFO,หมดประกัน,,,BGA04,พฤศจิกายน,33.09,61.94,40.17,50.14,19.34,67.65,49.27,58.33,46.68000031,33.99000168,40.24000168,46.68000031,24.12061245,17.47291176,219.09,219.16,698.81,421,17043,93,,,93
TR41-022139,100,3,N1,A025,กฟส.บ้านโฮ่ง,ลำพูน,กฟภ.,28,4111019,Low,4839.28,1093,22/1/2024,ผ่าน,ผ่าน,ไม่ผ่าน,39.38,18.37525381,98.77121287,DCC_xx บ้านหล่ายแก้ว (ตรงข้ามซอย 12),เทศบาลตำบล,,ใช่,1151XF000002844,ใช่,1000001315,INST,460179163,1050010006,"TR., 100 KVA. 3 P 22-0.40 KV.DY 11",22,THAI TRAFO,หมดประกัน,,,BGA04,ตุลาคม,33.09,61.94,40.17,50.14,19.34,67.65,49.27,58.33,46.68000031,33.99000168,40.24000168,46.68000031,24.12061245,17.47291176,219.09,219.16,698.81,421,17043,93,,,93
TR41-022140,100,3,N1,A025,กฟส.บ้านโฮ่ง,ลำพูน,กฟภ.,28,4111020,Low,4839.28,1093,22/1/2024,ผ่าน,ผ่าน,ไม่ผ่าน,39.38,18.37525381,98.77121287,DCC_xx บ้านหล่ายแก้ว (ตรงข้ามซอย 12),เทศบาลตำบล,,ใช่,1151XF000002844,ใช่,1000001315,INST,460179164,1050010006,"TR., 100 KVA. 3 P 22-0.40 KV.DY 11",22,THAI TRAFO,หมดประกัน,,,BGA04,กันยายน,33.09,61.94,40.17,50.14,19.34,67.65,49.27,58.33,46.68000031,33.99000168,40.24000168,46.68000031,24.12061245,17.47291176,219.09,219.16,698.81,421,17043,93,,,93
TR41-022141,100,3,N1,A025,กฟส.บ้านโฮ่ง,ลำพูน,กฟภ.,28,4111021,Low,4839.28,1093,22/1/2024,ผ่าน,ผ่าน,ไม่ผ่าน,39.38,18.37525381,98.77121287,DCC_xx บ้านหล่ายแก้ว (ตรงข้ามซอย 12),เทศบาลตำบล,,ใช่,1151XF000002844,ใช่,1000001315,INST,460179165,1050010006,"TR., 100 KVA. 3 P 22-0.40 KV.DY 11",22,THAI TRAFO,หมดประกัน,,,BGA04,สิงหาคม,33.09,61.94,40.17,50.14,19.34,67.65,49.27,58.33,46.68000031,33.99000168,40.24000168,46.68000031,24.12061245,17.47291176,219.09,219.16,698.81,421,17043,93,,,93
TR41-022142,100,3,N1,A025,กฟส.บ้านโฮ่ง,ลำพูน,กฟภ.,28,4111022,Low,4839.28,1093,22/1/2024,ผ่าน,ผ่าน,ไม่ผ่าน,39.38,18.37525381,98.77121287,DCC_xx บ้านหล่ายแก้ว (ตรงข้ามซอย 12),เทศบาลตำบล,,ใช่,1151XF000002844,ใช่,1000001315,INST,460179166,1050010006,"TR., 100 KVA. 3 P 22-0.40 KV.DY 11",22,THAI TRAFO,หมดประกัน,,,BGA04,กรกฎาคม,33.09,61.94,40.17,50.14,19.34,67.65,49.27,58.33,46.68000031,33.99000168,40.24000168,46.68000031,24.12061245,17.47291176,219.09,219.16,698.81,421,17043,93,,,93
TR41-022143,100,3,N1,A025,กฟส.บ้านโฮ่ง,ลำพูน,กฟภ.,28,4111023,Low,4839.28,1093,22/1/2024,ผ่าน,ผ่าน,ไม่ผ่าน,39.38,18.37525381,98.77121287,DCC_xx บ้านหล่ายแก้ว (ตรงข้ามซอย 12),เทศบาลตำบล,,ใช่,1151XF000002844,ใช่,1000001315,INST,460179167,1050010006,"TR., 100 KVA. 3 P 22-0.40 KV.DY 11",22,THAI TRAFO,หมดประกัน,,,BGA04,มิถุนายน,33.09,61.94,40.17,50.14,19.34,67.65,49.27,58.33,46.68000031,33.99000168,40.24000168,46.68000031,24.12061245,17.47291176,219.09,219.16,698.81,421,17043,93,,,93
TR41-022144,100,3,N1,A025,กฟส.บ้านโฮ่ง,ลำพูน,กฟภ.,28,4111024,Low,4839.28,1093,22/1/2024,ผ่าน,ผ่าน,ไม่ผ่าน,39.38,18.37525381,98.77121287,DCC_xx บ้านหล่ายแก้ว (ตรงข้ามซอย 12),เทศบาลตำบล,,ใช่,1151XF000002844,ใช่,1000001315,INST,460179168,1050010006,"TR., 100 KVA. 3 P 22-0.40 KV.DY 11",22,THAI TRAFO,หมดประกัน,,,BGA04,พฤษภาคม,33.09,61.94,40.17,50.14,19.34,67.65,49.27,58.33,46.68000031,33.99000168,40.24000168,46.68000031,24.12061245,17.47291176,219.09,219.16,698.81,421,17043,93,,,93
TR41-022145,100,3,N1,A025,กฟส.บ้านโฮ่ง,ลำพูน,กฟภ.,28,4111025,Low,4839.28,1093,22/1/2024,ผ่าน,ผ่าน,ไม่ผ่าน,39.38,18.37525381,98.77121287,DCC_xx บ้านหล่ายแก้ว (ตรงข้ามซอย 12),เทศบาลตำบล,,ใช่,1151XF000002844,ใช่,1000001315,INST,460179169,1050010006,"TR., 100 KVA. 3 P 22-0.40 KV.DY 11",22,THAI TRAFO,หมดประกัน,,,BGA04,เมษายน,33.09,61.94,40.17,50.14,19.34,67.65,49.27,58.33,46.68000031,33.99000168,40.24000168,46.68000031,24.12061245,17.47291176,219.09,219.16,698.81,421,17043,93,,,93
TR41-022146,100,3,N1,A025,กฟส.บ้านโฮ่ง,ลำพูน,กฟภ.,28,4111026,Low,4839.28,1093,22/1/2024,ผ่าน,ผ่าน,ไม่ผ่าน,39.38,18.37525381,98.77121287,DCC_xx บ้านหล่ายแก้ว (ตรงข้ามซอย 12),เทศบาลตำบล,,ใช่,1151XF000002844,ใช่,1000001315,INST,460179170,1050010006,"TR., 100 KVA. 3 P 22-0.40 KV.DY 11",22,THAI TRAFO,หมดประกัน,,,BGA04,มีนาคม,33.09,61.94,40.17,50.14,19.34,67.65,49.27,58.33,46.68000031,33.99000168,40.24000168,46.68000031,24.12061245,17.47291176,219.09,219.16,698.81,421,17043,93,,,93
